country_iso2,year,price_level_index_gdp
AF,2024,18.6419514830207
AF,2023,18.7769834830579
AF,2022,16.8308283088274
AF,2021,16.6263302067621
AF,2020,19.9371857842555
AF,2019,19.2221917434848
AL,2025,46.0587585896377
AL,2024,42.5964673371086
AL,2023,39.2019320568568
AL,2022,35.0383407800809
AL,2021,39.7657539300862
AL,2020,37.0091876443078
AL,2019,36.9141809222734
DZ,2025,32.5563237762825
DZ,2024,32.6016226560324
DZ,2023,31.8943104698358
DZ,2022,31.3277342358774
DZ,2021,28.6997163356223
DZ,2020,29.5313224987704
DZ,2019,32.1644246444573
AD,2025,68.2338709881342
AD,2024,65.4652562217967
AD,2023,65.207668023379
AD,2022,61.955213696221
AD,2021,71.5053505437076
AD,2020,71.7160699642314
AD,2019,71.7838274924543
AO,2025,30.5274713481502
AO,2024,27.3076165287256
AO,2023,30.2154554475251
AO,2022,38.3909093903776
AO,2021,25.9967838981942
AO,2020,22.4768108944545
AO,2019,29.0879978262779
AG,2025,69.2646609465426
AG,2024,69.1416294107689
AG,2023,69.0200728873085
AG,2022,67.211617030623
AG,2021,67.384993588483
AG,2020,68.7060576898081
AG,2019,71.1711954187463
AR,2025,45.7184067263037
AR,2024,45.8395601723183
AR,2023,47.1522008770533
AR,2022,46.8465656131399
AR,2021,40.8285397167516
AR,2020,38.1166737382459
AR,2019,42.3355375548655
AM,2025,38.2723495996718
AM,2024,37.4347758374219
AM,2023,37.8580675957975
AM,2022,34.3034769004402
AM,2021,29.4263704063936
AM,2020,29.0261718464722
AM,2019,30.697812531997
AW,2024,74.6257169517821
AW,2023,73.4348492289676
AW,2022,74.0519515566961
AW,2021,76.1985246029648
AW,2020,78.8775769025922
AW,2019,79.509039830895
AU,2025,90.5404364628119
AU,2024,89.5894112849615
AU,2023,90.017903054288
AU,2022,98.5875708264372
AU,2021,104.168691118311
AU,2020,95.9384642611267
AU,2019,104.365870910572
AT,2025,81.9641178489803
AT,2024,76.8978286403906
AT,2023,76.1898638035308
AT,2022,72.4017272856034
AT,2021,85.1986982364327
AT,2020,83.2431382006228
AT,2019,82.6543853772548
AZ,2025,28.3799487174064
AZ,2024,29.0087435497411
AZ,2023,30.1339197674035
AZ,2022,34.4616679351719
AZ,2021,26.8904794664944
AZ,2020,27.8952156796175
AZ,2019,28.8195627577165
BS,2024,95.6315655509349
BS,2023,97.7236382694572
BS,2022,95.0295483058565
BS,2021,97.7568686008453
BS,2020,96.2290525436401
BS,2019,93.1452453136444
BH,2025,43.0957271215641
BH,2024,44.202139294112
BH,2023,45.6062202395205
BH,2022,49.4106856701934
BH,2021,49.400361294442
BH,2020,45.555112685295
BH,2019,48.1624988482354
BD,2025,25.5802454271565
BD,2024,26.8447911723453
BD,2023,27.8637828611553
BD,2022,32.1507691104452
BD,2021,33.3668338762788
BD,2020,33.865254349011
BD,2019,35.220031278481
BB,2025,109.542608652096
BB,2024,109.607215877638
BB,2023,110.389494448318
BB,2022,111.119658315492
BB,2021,119.210171699524
BB,2020,115.94123840332
BB,2019,109.71919298172
BY,2025,29.6095784998024
BY,2024,25.946783525077
BY,2023,25.5893013103649
BY,2022,28.125421465943
BY,2021,27.125674876434
BY,2020,26.3057861315616
BY,2019,30.6604704090341
BE,2025,81.3522319801567
BE,2024,76.2307575575
BE,2023,76.0635716278445
BE,2022,73.518906585798
BE,2021,85.1473673069754
BE,2020,81.8000876365761
BE,2019,82.3745167498038
BZ,2025,52.5565258175875
BZ,2024,53.463178010533
BZ,2023,54.0327889034715
BZ,2022,52.516361552179
BZ,2021,52.4310171604155
BZ,2020,54.347938299179
BZ,2019,58.777493238449
BJ,2025,34.4263264144124
BJ,2024,33.4469422526318
BJ,2023,33.7298088877381
BJ,2022,32.9494550444791
BJ,2021,38.064137319197
BJ,2020,36.9906554037756
BJ,2019,35.9107222838605
BM,2024,119.812062185577
BM,2023,117.047800140108
BM,2022,114.355182819509
BM,2021,122.146320343018
BM,2020,125.638365745544
BM,2019,127.27233171463
BT,2025,22.9293832411026
BT,2024,23.8033697006015
BT,2023,23.6085982216234
BT,2022,24.6412813462885
BT,2021,26.5299225735699
BT,2020,25.5844231550554
BT,2019,27.7082027278841
BO,2025,39.9890859069232
BO,2024,34.2823399681983
BO,2023,33.1302078287776
BO,2022,34.291238864832
BO,2021,35.8025589486107
BO,2020,37.3757592848517
BO,2019,38.1919099004499
BA,2025,40.2174782486005
BA,2024,37.3703858381207
BA,2023,37.0589900689945
BA,2022,35.3585820305951
BA,2021,39.8943447809388
BA,2020,37.4485927366741
BA,2019,37.2663111885082
BW,2025,37.5792286944263
BW,2024,37.1125511242075
BW,2023,37.2207107189768
BW,2022,41.6984445335243
BW,2021,43.472249726079
BW,2020,41.349653200609
BW,2019,44.9378605766125
BR,2025,45.7182316135877
BR,2024,46.0890723998018
BR,2023,48.9668945108392
BR,2022,46.7015795793047
BR,2021,44.1063637995683
BR,2020,43.9346756877728
BR,2019,56.1911903420213
BN,2025,34.8746819760203
BN,2024,36.8331451477285
BN,2023,38.6480738036016
BN,2022,44.7896731320297
BN,2021,39.6261217644167
BN,2020,38.451271483444
BN,2019,43.8716057849232
BG,2025,45.7315266313749
BG,2024,41.9277731040122
BG,2023,40.8300441715447
BG,2022,38.5457126996175
BG,2021,41.8838322620478
BG,2020,39.3419652682225
BG,2019,38.6849799274161
BF,2025,37.3603920307774
BF,2024,33.8669020372191
BF,2023,31.6195518530494
BF,2022,31.2811603958541
BF,2021,36.0168978396194
BF,2020,34.6632975976805
BF,2019,34.2651114365447
BI,2025,18.7350039742008
BI,2024,18.1245208127752
BI,2023,21.7700759178039
BI,2022,27.4085038666989
BI,2021,25.5886536688489
BI,2020,26.7010696685367
BI,2019,26.981139202534
CV,2025,47.6475926344085
CV,2024,46.2256093985824
CV,2023,46.7768084314991
CV,2022,45.6066389082891
CV,2021,51.6750483152882
CV,2020,51.6481138086742
CV,2019,50.6697266945337
KH,2025,33.6243860901355
KH,2024,32.9246007591304
KH,2023,32.6717193050405
KH,2022,33.6097814988539
KH,2021,34.8147437686668
KH,2020,35.0316419981163
KH,2019,36.1696308427342
CM,2025,34.0779405085858
CM,2024,32.6956331885356
CM,2023,31.7710503563486
CM,2022,30.9334863893102
CM,2021,34.8869706544948
CM,2020,35.6344651967183
CM,2019,36.6702576289334
CA,2025,83.4474127574427
CA,2024,84.0153207747759
CA,2023,84.4299358903067
CA,2022,87.9780876087693
CA,2021,92.7915649476044
CA,2020,89.6012083402402
CA,2019,91.7897265900007
KY,2024,113.114611542503
KY,2023,113.202134837481
KY,2022,113.072500193302
KY,2021,116.571065363394
KY,2020,124.531872105149
KY,2019,121.399568735788
CF,2025,42.3275223528697
CF,2024,40.8052824372795
CF,2023,39.4218965074556
CF,2022,38.3819018643341
CF,2021,43.6189893858498
CF,2020,43.4102399677371
CF,2019,45.6142130084464
TD,2025,35.2196675223932
TD,2024,35.4418114316956
TD,2023,35.1449071325721
TD,2022,36.8195953163346
TD,2021,38.8636644044548
TD,2020,39.6592701412474
TD,2019,37.9875896050679
CL,2025,47.6373942901173
CL,2024,46.1839558478626
CL,2023,51.4914125366645
CL,2022,49.8047848048822
CL,2021,55.7130143098494
CL,2020,51.7332100591073
CL,2019,56.5978985887342
CN,2025,47.2567202636505
CN,2024,48.9806640888522
CN,2023,51.3934255336289
CN,2022,56.3242625174682
CN,2021,61.8301183741458
CN,2020,58.1769612527374
CN,2019,58.7635085934986
CO,2025,37.8156411764155
CO,2024,35.4335953368221
CO,2023,32.9507324741011
CO,2022,32.0343536385472
CO,2021,35.7969819066022
CO,2020,34.4069514831713
CO,2019,39.9994381863935
KM,2025,48.5047771624332
KM,2024,45.8965499644165
KM,2023,44.2396522430517
KM,2022,41.3182563991551
KM,2021,46.0339178752072
KM,2020,46.8227945308012
KM,2019,45.8611142202603
CD,2025,42.0234683084343
CD,2024,38.0023246917053
CD,2023,38.1174068146478
CD,2022,43.2563923994775
CD,2021,42.4806895585243
CD,2020,44.6758344445199
CD,2019,47.7198940745476
CG,2025,34.693429380121
CG,2024,35.4421573076285
CG,2023,36.1436110410936
CG,2022,39.4321882641697
CG,2021,40.173679367009
CG,2020,41.7858207274586
CG,2019,43.5069719183753
CR,2025,59.0573265017088
CR,2024,59.752769551419
CR,2023,58.6051480974268
CR,2022,51.9551503174562
CR,2021,53.8219877576884
CR,2020,56.0820069240624
CR,2019,55.2052346825953
CI,2025,37.1559975615278
CI,2024,35.5177366478691
CI,2023,35.7850805696667
CI,2022,34.7311652450832
CI,2021,40.626932513803
CI,2020,39.3179644042115
CI,2019,38.8255389424653
HR,2025,53.2010809580869
HR,2024,48.5359280064149
HR,2023,46.4482231390444
HR,2022,43.8348891097943
HR,2021,48.1687610584622
HR,2020,46.868240984812
HR,2019,47.0715464212768
CW,2024,69.7384115740955
CW,2023,69.1655413375575
CW,2022,70.0413345879073
CW,2021,71.4516506514737
CW,2020,75.0382119716877
CW,2019,75.6809431747352
CY,2025,64.7051252975048
CY,2024,61.3812036809463
CY,2023,61.1672148800824
CY,2022,59.4724457456574
CY,2021,69.1498172575324
CY,2020,66.0816233590831
CY,2019,65.8362587187193
CZ,2025,59.3798692989672
CZ,2024,55.2324548998213
CZ,2023,56.6540084166427
CZ,2022,53.4161364901314
CZ,2021,57.9471972568405
CZ,2020,52.3487123146024
CZ,2019,52.7529047520413
DK,2025,92.4921139251376
DK,2024,87.7544028964132
DK,2023,87.8827340450088
DK,2022,86.2858530829051
DK,2021,100.018369599606
DK,2020,97.293013084381
DK,2019,98.0349851709548
DJ,2025,46.2094127475426
DJ,2024,45.4218272384726
DJ,2023,46.755999443939
DJ,2022,47.3281690439226
DJ,2021,50.7694026111987
DJ,2020,51.472537598214
DJ,2019,52.5596300505119
DM,2025,48.3818993584933
DM,2024,48.7786632480818
DM,2023,48.8258260250056
DM,2022,49.596309337057
DM,2021,52.985120702673
DM,2020,54.9556237679941
DM,2019,59.2434317977341
DO,2025,38.5055221319538
DO,2024,39.4307724218955
DO,2023,41.1056638995541
DO,2022,41.0376286041272
DO,2021,38.6654786936087
DO,2020,37.5571504611104
DO,2019,41.3978570719936
EC,2025,42.5220703426529
EC,2024,43.0740974308494
EC,2023,42.2329283911314
EC,2022,42.8779242654727
EC,2021,44.8739469051361
EC,2020,47.3994910717011
EC,2019,49.4702249765396
EG,2025,15.2732386022672
EG,2024,17.4589245118373
EG,2023,18.6449273613426
EG,2022,24.1571674722841
EG,2021,24.5673676217871
EG,2020,23.0511084096698
EG,2019,22.171866106281
SV,2025,40.8953489712557
SV,2024,41.5072277055406
SV,2023,41.9951346710945
SV,2022,42.7367838286856
SV,2021,42.9484784603119
SV,2020,42.5564259290695
SV,2019,44.2782253026962
GQ,2025,41.0042096681154
GQ,2024,41.0227579253373
GQ,2023,39.9385298046146
GQ,2022,41.8440301037686
GQ,2021,41.2903242977651
GQ,2020,42.1438065609436
GQ,2019,41.3591795160365
ER,2021,32.7593959979157
ER,2020,33.2622759370775
ER,2019,31.1171785275703
EE,2025,66.0537292798038
EE,2024,62.3630825157812
EE,2023,61.9552867037266
EE,2022,59.0057902550586
EE,2021,63.1701599612393
EE,2020,58.8461719722959
EE,2019,59.1854978588234
SZ,2025,32.789213118853
SZ,2024,33.0675101001167
SZ,2023,33.2076733153706
SZ,2022,36.6209266456057
SZ,2021,39.8781667048552
SZ,2020,37.1578540532462
SZ,2019,42.3119539637914
ET,2025,25.7540885009246
ET,2024,34.4403481534475
ET,2023,34.4650160034375
ET,2022,34.5267312384994
ET,2021,34.5002826134764
ET,2020,34.4770916721278
ET,2019,35.3842920817614
FO,2024,90.3592706473352
FO,2023,90.8535821242413
FO,2022,89.1094725790736
FO,2021,101.444450252803
FO,2020,100.960796677865
FO,2019,101.357758709552
FJ,2025,40.654782569512
FJ,2024,41.5294419627777
FJ,2023,40.4346739087747
FJ,2022,41.7105031806906
FJ,2021,43.9502521788072
FJ,2020,43.1179550413169
FJ,2019,45.0148625765533
FI,2025,85.222763220196
FI,2024,81.6055342511718
FI,2023,83.294988081374
FI,2022,81.1814150011676
FI,2021,93.5002341988357
FI,2020,91.6169205341637
FI,2019,92.5053132737253
FR,2025,76.5696913500391
FR,2024,73.7359788150781
FR,2023,73.3666714172562
FR,2022,71.8946843663427
FR,2021,83.2584127577506
FR,2020,79.1601297699613
FR,2019,79.0297508094116
GA,2025,37.1901448019689
GA,2024,38.2056821319162
GA,2023,37.5627483608873
GA,2022,42.0683572035915
GA,2021,44.167537961127
GA,2020,45.6292309486046
GA,2019,46.6542183546806
GM,2025,24.8016528044227
GM,2024,25.0337661522703
GM,2023,26.8246053642778
GM,2022,27.2674530833212
GM,2021,28.1478865301837
GM,2020,28.4626980531295
GM,2019,30.4818799220576
GE,2025,32.948286796618
GE,2024,32.6252979324882
GE,2023,33.0123575638268
GE,2022,29.9666694950463
GE,2021,26.8751327125942
GE,2020,25.6136647718882
GE,2019,28.272185825598
DE,2025,80.2268817737646
DE,2024,75.8599340089062
DE,2023,75.8027696349033
DE,2022,72.4942902608952
DE,2021,83.5839028910839
DE,2020,80.7345328865372
DE,2019,80.3497232039214
GH,2025,37.8287234184848
GH,2024,30.0483620676612
GH,2023,31.5220977311204
GH,2022,30.9405631821704
GH,2021,37.0062130126205
GH,2020,36.304704763652
GH,2019,36.4288188198025
GR,2025,59.5356475491764
GR,2024,55.7519026126562
GR,2023,54.779879965099
GR,2022,52.9425468064204
GR,2021,61.5985346372083
GR,2020,60.5650628966539
GR,2019,60.5604364517646
GL,2023,74.1379389303593
GL,2022,73.4858732739473
GL,2021,83.8878914645498
GL,2020,84.3279006219507
GL,2019,82.9533747579015
GD,2025,56.71741154453
GD,2024,57.9250112245574
GD,2023,60.1193086662215
GD,2022,59.6845483497
GD,2021,62.8981766877352
GD,2020,62.4502455746685
GD,2019,63.6186334821915
GT,2025,43.4174128577694
GT,2024,42.7351634524949
GT,2023,41.8454929522742
GT,2022,41.1809556487553
GT,2021,41.5438791843126
GT,2020,40.9013067809074
GT,2019,41.9491324962401
GN,2025,38.0422855302225
GN,2024,37.0730399547107
GN,2023,35.8630311352801
GN,2022,34.8767756306627
GN,2021,33.2984860934204
GN,2020,31.6238390171106
GN,2019,33.2066521804606
GW,2025,34.1249399061994
GW,2024,32.2737120150547
GW,2023,32.6315066421652
GW,2022,31.6464756704276
GW,2021,36.736673852764
GW,2020,36.1961830855443
GW,2019,36.0971708163362
GY,2025,33.1094181034319
GY,2024,36.9686348516584
GY,2023,37.3784018752798
GY,2022,45.1168339418124
GY,2021,43.1247336115483
GY,2020,40.2850290568327
GY,2019,48.3788103794307
HT,2025,85.9740723393793
HT,2024,65.0184454399522
HT,2023,51.5166994121142
HT,2022,53.8755774660839
HT,2021,58.5477871520706
HT,2020,41.5807368873778
HT,2019,41.7727067161658
HN,2025,45.714302776241
HN,2024,45.5305411801063
HN,2023,44.9240365903047
HN,2022,44.137371809447
HN,2021,44.0940832877959
HN,2020,42.855046023596
HN,2019,43.2559614837241
HK,2025,70.8543561012965
HK,2024,72.0381353471007
HK,2023,70.6455458767716
HK,2022,71.1836928349495
HK,2021,75.5416427954355
HK,2020,79.2425326576168
HK,2019,78.9903297871233
HU,2025,51.9837911309962
HU,2024,48.0127126511694
HU,2023,47.8880373655318
HU,2022,41.6617992239133
HU,2021,48.9380376007852
HU,2020,46.0519383326659
HU,2019,47.7524048716714
IS,2025,117.849760595844
IS,2024,102.754522612876
IS,2023,99.932848015549
IS,2022,99.7187978437653
IS,2021,112.283988351667
IS,2020,105.783170421179
IS,2019,113.099666459083
IN,2025,23.0039086199253
IN,2024,24.1821996879637
IN,2023,24.7075775526336
IN,2022,25.5000313127556
IN,2021,27.8212257889918
IN,2020,27.3753533882705
IN,2019,28.547759283038
ID,2025,28.6505408846687
ID,2024,29.9009965374497
ID,2023,31.6060240664601
ID,2022,33.1229130680367
ID,2021,33.6062401419005
ID,2020,32.8551638060129
ID,2019,34.2632026770331
IR,2025,19.9215009869874
IR,2024,26.0776525211842
IR,2023,26.6697499483383
IR,2022,26.9124228886718
IR,2021,28.9915941994253
IR,2020,21.1815281678233
IR,2019,28.7021351208173
IQ,2025,37.9179655640678
IQ,2024,41.9294035030357
IQ,2023,40.6783620834452
IQ,2022,45.3179525441156
IQ,2021,38.2389926252694
IQ,2020,40.6205569569271
IQ,2019,46.306195718988
IE,2025,84.8494167916469
IE,2024,80.1929195014063
IE,2023,80.0498846766681
IE,2022,75.969245461868
IE,2021,88.9296525445722
IE,2020,88.5711403900391
IE,2019,88.9022845639214
IL,2025,101.038020215969
IL,2024,94.6552801717158
IL,2023,94.258761857557
IL,2022,102.481493065956
IL,2021,113.233418967196
IL,2020,108.839606981157
IL,2019,107.079105554597
IT,2025,68.9600459088234
IT,2024,64.9024553335156
IT,2023,65.0868569025502
IT,2022,62.2657129241247
IT,2021,73.9633749348825
IT,2020,72.2201462119846
IT,2019,72.4633611247058
JM,2025,60.211934709715
JM,2024,60.0652274740972
JM,2023,59.5703380894227
JM,2022,55.7507854754351
JM,2021,53.9338963739056
JM,2020,54.2692949716594
JM,2019,55.6079543116709
JP,2025,64.8679639072763
JP,2024,62.4066284421693
JP,2023,66.7883851420938
JP,2022,72.185132565121
JP,2021,90.393968573992
JP,2020,94.3502150655951
JP,2019,94.6994086688442
JO,2025,42.3363994945406
JO,2024,42.5794458019025
JO,2023,42.847076985568
JO,2022,43.6946561122414
JO,2021,45.5595070207623
JO,2020,41.9872201664347
JO,2019,44.2261343270961
KZ,2025,33.1699651079956
KZ,2024,34.565379764769
KZ,2023,33.4123312887131
KZ,2022,31.3611849488664
KZ,2021,30.3030595939351
KZ,2020,30.239536891224
KZ,2019,32.9639819671096
KE,2025,33.6784854259036
KE,2024,32.0836821224238
KE,2023,30.7262343181437
KE,2022,35.8629487305506
KE,2021,38.6104738133398
KE,2020,40.2219126664965
KE,2019,41.8231293160063
KI,2025,64.9966505686618
KI,2024,68.4269474577724
KI,2023,62.4010320960421
KI,2022,62.0601292782972
KI,2021,73.5246977077967
KI,2020,64.5191258954193
KI,2019,63.3744777851938
KR,2025,57.3893307237476
KR,2024,59.3576396809388
KR,2023,62.1177403808411
KR,2022,62.7325181675505
KR,2021,72.5439514622864
KR,2020,70.2688459667306
KR,2019,72.7285686152103
XK,2025,41.0075500484501
XK,2024,39.2764526470122
XK,2023,39.3258006102926
XK,2022,37.983129501883
XK,2021,42.6267593870964
XK,2020,41.0214249408427
XK,2019,40.6562715740129
KW,2025,57.2226182870823
KW,2024,61.8526081806483
KW,2023,64.2234318161369
KW,2022,72.6488468806116
KW,2021,67.1615390908667
KW,2020,60.8659588060078
KW,2019,62.5364843507284
KG,2025,33.4179089296918
KG,2024,30.6384165083671
KG,2023,29.2742664831786
KG,2022,26.4537091185994
KG,2021,23.533553344054
KG,2020,23.7424534813813
KG,2019,26.808790775869
LA,2025,22.3900966848845
LA,2024,21.6953379615205
LA,2023,22.2265880477604
LA,2022,23.3473179840607
LA,2021,31.2613229822277
LA,2020,32.6507149901929
LA,2019,33.4398496090827
LV,2025,57.0304749338823
LV,2024,53.74322093875
LV,2023,53.081423205099
LV,2022,49.8714357581714
LV,2021,54.8923970790689
LV,2020,53.6452962098056
LV,2019,53.712610875294
LB,2024,37.5354730523133
LB,2023,27.6334553377772
LB,2022,29.7322463643034
LB,2021,34.8745879413016
LB,2020,34.2022910293942
LB,2019,41.0211393731902
LS,2025,34.1998323574909
LS,2024,33.315216652006
LS,2023,31.9987775278415
LS,2022,37.311591899623
LS,2021,41.9126763611117
LS,2020,35.894782480878
LS,2019,42.1305818528064
LR,2025,46.2031881161655
LR,2024,45.443232675685
LR,2023,44.4982686863957
LR,2022,44.026199757583
LR,2021,43.3967147111521
LR,2020,37.1666181394607
LR,2019,34.6489368061895
LY,2025,39.0331583451872
LY,2024,45.8593775827166
LY,2023,43.4860809783091
LY,2022,48.8129434921643
LY,2021,39.0446075093171
LY,2020,60.707075304389
LY,2019,61.5235786005367
LT,2025,57.987231656196
LT,2024,53.1492105375
LT,2023,53.0791525409813
LT,2022,49.2496105373543
LT,2021,52.0353695860457
LT,2020,49.5087187816344
LT,2019,48.340588545098
LU,2025,94.0655592590979
LU,2024,88.2766780322656
LU,2023,87.3093059876486
LU,2022,84.2093510552533
LU,2021,98.6790991945721
LU,2020,95.7345375069263
LU,2019,92.8524623192155
MO,2025,55.3903305653057
MO,2024,56.6323026330055
MO,2023,57.7339035490199
MO,2022,57.3464735318407
MO,2021,61.1723794398522
MO,2020,64.6202868217728
MO,2019,64.9709924634082
MG,2025,30.6924518552941
MG,2024,29.1411678327008
MG,2023,28.3997781586705
MG,2022,29.3672147360633
MG,2021,30.6491387389061
MG,2020,30.2465691243689
MG,2019,31.0004057689831
MW,2025,35.3556465012145
MW,2024,28.0793988763421
MW,2023,34.5646281740668
MW,2022,33.9854660053641
MW,2021,36.5874225353305
MW,2020,39.8099397927886
MW,2019,40.0610414724113
MY,2025,31.6272069254567
MY,2024,30.5761388170918
MY,2023,31.1972372330574
MY,2022,34.1559439654348
MY,2021,36.5595643833825
MY,2020,36.2424818823571
MY,2019,37.7418221673562
MV,2025,51.1811408631757
MV,2024,51.0257023769908
MV,2023,50.7429315985923
MV,2022,51.5193328520159
MV,2021,53.4107254140886
MV,2020,55.0740133121513
MV,2019,50.8738785167381
ML,2025,34.0667233600886
ML,2024,32.9136616120769
ML,2023,32.7975479026293
ML,2022,32.4131545957457
ML,2021,36.7378295492288
ML,2020,34.9980765709755
ML,2019,34.4679278964239
MT,2025,66.3435465359278
MT,2024,62.8344430674925
MT,2023,61.0012675823155
MT,2022,58.8206247031772
MT,2021,67.0104343361304
MT,2020,63.6826458161278
MT,2019,63.0868470054372
MH,2025,94.6982695755452
MH,2024,92.137924629206
MH,2023,90.3555645265736
MH,2022,86.8723631908151
MH,2021,93.2999594999854
MH,2020,92.2454940074902
MH,2019,87.5481425661518
MR,2025,28.6301185076712
MR,2024,28.518946575825
MR,2023,30.523008509121
MR,2022,30.2489528522917
MR,2021,33.366781135744
MR,2020,31.2803662826566
MR,2019,31.4978791048058
MU,2025,38.5880272739735
MU,2024,37.8301877532205
MU,2023,38.3293941808412
MU,2022,38.2566937846917
MU,2021,39.8854047693561
MU,2020,42.2533436625594
MU,2019,47.4599256777015
MX,2025,53.6917307584745
MX,2024,54.1744819872408
MX,2023,54.9097550234062
MX,2022,49.299982362308
MX,2021,49.6283273304286
MX,2020,45.6815836908129
MX,2019,49.4629751303921
FM,2025,95.865080658499
FM,2024,95.4938228573462
FM,2023,92.1787754114453
FM,2022,90.6163876973741
FM,2021,88.6870916030328
FM,2020,91.0429814068035
FM,2019,95.7243657272113
MD,2025,43.1177289964201
MD,2024,40.6121529420174
MD,2023,38.3063229590448
MD,2022,34.9365043646109
MD,2021,33.634626751924
MD,2020,32.3474247034134
MD,2019,32.84321810815
MN,2025,34.1778423808877
MN,2024,35.2099084532892
MN,2023,32.4013936040264
MN,2022,30.4493938473587
MN,2021,30.5404215226533
MN,2020,29.2207652801596
MN,2019,31.9555518703954
ME,2025,41.8287173002399
ME,2024,38.9579629904049
ME,2023,38.4716086443108
ME,2022,35.7871009475363
ME,2021,39.3240716403446
ME,2020,36.6330393973469
ME,2019,36.9083148587734
MA,2025,42.0499539830055
MA,2024,39.8187429322033
MA,2023,38.5115707807778
MA,2022,37.2038114684245
MA,2021,43.9037408071231
MA,2020,42.415240596699
MA,2019,43.5992761322428
MZ,2025,36.9220358503295
MZ,2024,38.457809833667
MZ,2023,37.0305855747945
MZ,2022,36.5586831062357
MZ,2021,34.991452048044
MZ,2020,32.759081388081
MZ,2019,37.377134643931
MM,2025,24.7669737886297
MM,2024,22.6275455292655
MM,2023,20.6972468928922
MM,2022,20.2066671363955
MM,2021,23.9979534497219
MM,2020,25.9574867136886
MM,2019,23.3716192875497
NA,2025,40.681123608914
NA,2024,38.4841786748317
NA,2023,37.5716879759727
NA,2022,40.8009965175666
NA,2021,45.4505143063639
NA,2020,41.4639230273004
NA,2019,49.2421889179044
NR,2025,103.091569476299
NR,2024,103.20398133498
NR,2023,103.269686960238
NR,2022,118.918486473055
NR,2021,105.236862101058
NR,2020,99.0421027445499
NR,2019,102.342585633278
NP,2025,24.8718748707678
NP,2024,25.4154636392294
NP,2023,25.6013207154076
NP,2022,27.1630888289195
NP,2021,27.5558176768439
NP,2020,27.2504979476043
NP,2019,28.2383262077447
NL,2025,84.3836377424705
NL,2024,79.1675804833594
NL,2023,79.0077579735308
NL,2022,75.1914637377435
NL,2021,87.7043335833319
NL,2020,85.4166231763427
NL,2019,85.9005256133332
NZ,2025,86.4703171551433
NZ,2024,88.5979916984826
NZ,2023,89.7226782387982
NZ,2022,90.8683201065192
NZ,2021,103.526948649031
NZ,2020,92.2758218182428
NZ,2019,94.6494935353702
NI,2025,34.1809948551445
NI,2024,32.6558777413895
NI,2023,31.337763322898
NI,2022,29.7980107027263
NI,2021,30.0370143555786
NI,2020,30.8960444684982
NI,2019,32.7467797771334
NE,2025,35.6116004502034
NE,2024,35.7064163597851
NE,2023,34.0532450461306
NE,2022,33.2118025909925
NE,2021,38.3906873713313
NE,2020,38.7158956336228
NE,2019,39.5789141442329
NG,2025,12.8441470880773
NG,2024,11.9140216830737
NG,2023,24.5505132509298
NG,2022,34.9143243225496
NG,2021,36.7331562115859
NG,2020,37.7244703650501
NG,2019,42.2413788489496
MK,2025,37.4258368309588
MK,2024,34.4199931672268
MK,2023,34.2127835984905
MK,2022,31.4146714495517
MK,2021,34.4144542434406
MK,2020,33.3611133976177
MK,2019,33.2247130460293
NO,2025,90.9177811623249
NO,2024,85.0761659557971
NO,2023,84.4262006942256
NO,2022,87.0745982491115
NO,2021,104.594924330617
NO,2020,101.831921408974
NO,2019,107.740363636364
OM,2025,47.1623443888614
OM,2024,48.5283415027085
OM,2023,50.0903764339347
OM,2022,54.5031947552312
OM,2021,50.1129422603256
OM,2020,47.7339999728458
OM,2019,51.4895886531576
PK,2025,24.278230528367
PK,2024,23.6218009724264
PK,2023,22.6007022287252
PK,2022,25.9880972779992
PK,2021,27.1146827863952
PK,2020,25.3247217969233
PK,2019,27.6011418585438
PW,2025,84.7328995677767
PW,2024,86.2764636970531
PW,2023,85.065986296197
PW,2022,80.0168476797832
PW,2021,81.3348027157891
PW,2020,82.2319146418128
PW,2019,85.2780840504679
PA,2025,45.076892365416
PA,2024,46.2501709276174
PA,2023,47.1743398563755
PA,2022,47.8388581330201
PA,2021,50.1403868198395
PA,2020,49.1933196783066
PA,2019,49.5729207992554
PG,2025,57.9034533612102
PG,2024,59.6024232390472
PG,2023,63.4822695364783
PG,2022,70.1956796903837
PG,2021,65.5692040599193
PG,2020,62.2947045688754
PG,2019,63.4453567846483
PY,2025,34.8172604819279
PY,2024,34.6539863235716
PY,2023,35.844402509728
PY,2022,37.9568627342939
PY,2021,38.795709359863
PY,2020,37.4975027185494
PY,2019,41.1402626450973
PE,2025,51.4687387935952
PE,2024,47.6812398965343
PE,2023,46.4689999107822
PE,2022,44.1038806078415
PE,2021,44.6724889831707
PE,2020,48.8193680481487
PE,2019,51.8818054960747
PH,2025,33.1615478156275
PH,2024,33.7342146257315
PH,2023,34.5986617682061
PH,2022,35.0262597350201
PH,2021,39.336967325284
PH,2020,39.1774086126012
PH,2019,38.1079218529993
PL,2025,52.3743432346637
PL,2024,48.9706129869663
PL,2023,45.6856870982025
PL,2022,40.3852085599106
PL,2021,45.3865049733907
PL,2020,43.5460639483081
PL,2019,44.2404558033534
PT,2025,60.3657331618038
PT,2024,55.8500745211719
PT,2023,55.490814087648
PT,2022,54.4099700836578
PT,2021,63.9238020868207
PT,2020,62.0001180879379
PT,2019,61.6480059380391
PR,2025,77.8230137047568
PR,2024,78.1857550769963
PR,2023,77.7191744434403
PR,2022,78.0084451123549
PR,2021,80.4228127002716
PR,2020,85.2639704445258
PR,2019,87.88661493183
QA,2025,56.2719238700934
QA,2024,59.7297323281739
QA,2023,62.1553920678368
QA,2022,72.1730906686857
QA,2021,61.4142810905374
QA,2020,62.9140715022665
QA,2019,62.1765262478
RO,2025,44.2831654738788
RO,2024,40.91596217684
RO,2023,39.6776185948663
RO,2022,36.931112710832
RO,2021,39.7187647903065
RO,2020,38.0453040184088
RO,2019,38.622478101646
RU,2025,35.3989680987147
RU,2024,31.3758271750097
RU,2023,31.5742959179996
RU,2022,38.1739482967844
RU,2021,32.157180682984
RU,2020,32.0992966310191
RU,2019,36.9711778474623
RW,2025,26.9841722350807
RW,2024,28.003896131296
RW,2023,30.152954087602
RW,2022,31.5170959293429
RW,2021,30.3480654433921
RW,2020,34.080348133677
RW,2019,34.6762694782317
WS,2025,63.0197441031359
WS,2024,61.6284821519096
WS,2023,58.7951820962513
WS,2022,59.8128550987544
WS,2021,63.3223905395945
WS,2020,63.5422550668844
WS,2019,65.5592250905881
SM,2023,75.9688772792505
SM,2022,71.4671016048058
SM,2021,83.6649374615532
SM,2020,80.4734240076872
SM,2019,81.1693160906465
ST,2025,63.9338667769567
ST,2024,55.8244140238529
ST,2023,48.5887264965472
ST,2022,39.6128999209076
ST,2021,41.212526631236
ST,2020,42.1266404836302
ST,2019,41.5701735999111
SA,2025,46.8080625205712
SA,2024,49.3878755915459
SA,2023,50.4816326565955
SA,2022,53.5186354876203
SA,2021,50.9180291493733
SA,2020,51.2197081247965
SA,2019,49.6418190002443
SN,2025,35.7794918628124
SN,2024,34.1112278534369
SN,2023,35.5121883432759
SN,2022,34.7505726267478
SN,2021,38.2901362755922
SN,2020,38.9320158152681
SN,2019,39.2324661915667
RS,2025,45.0078271292878
RS,2024,41.6595551113114
RS,2023,41.2456544508145
RS,2022,38.346218757245
RS,2021,41.3586310747798
RS,2020,38.5413213633728
RS,2019,37.6720078971556
SC,2025,54.2460209689179
SC,2024,55.0834007153095
SC,2023,56.846274704358
SC,2022,57.1018827664296
SC,2021,49.9766426755395
SC,2020,45.2134873586261
SC,2019,55.9381558346221
SL,2025,22.7689072820509
SL,2024,22.868112275854
SL,2023,22.4950489640751
SL,2022,27.3701385238216
SL,2021,31.0732057912374
SL,2020,31.0869770287969
SL,2019,31.2017126074793
SG,2025,60.4907040592763
SG,2024,61.9586274931098
SG,2023,59.6860042148137
SG,2022,63.1693556634591
SG,2021,60.3662540365433
SG,2020,60.4916240559578
SG,2019,62.6115299629484
SX,2025,76.0802800184799
SX,2024,77.0196742700397
SX,2023,76.2659824546408
SX,2022,77.519667046014
SX,2021,80.3524888427564
SX,2020,77.5057776680207
SX,2019,76.2571103080022
SK,2025,57.8876801418038
SK,2024,54.3250004407031
SK,2023,53.6685520698049
SK,2022,51.3318036095333
SK,2021,57.717608857751
SK,2020,55.8636694926072
SK,2019,57.1007004792156
SI,2025,63.0878625394509
SI,2024,59.5808235208594
SI,2023,58.1657645450991
SI,2022,54.2032566359924
SI,2021,63.5695713639525
SI,2020,60.7941874361091
SI,2019,60.9209072439215
SB,2025,74.8377515826376
SB,2024,72.1712593006936
SB,2023,72.4362183095765
SB,2022,75.2270453872162
SB,2021,83.3996195440382
SB,2020,85.7685563992107
SB,2019,88.5209642903562
SO,2025,40.2474934294825
SO,2024,39.2409379309328
SO,2023,38.3382954872091
SO,2022,38.5632443313725
SO,2021,39.4347459077834
SO,2020,35.6303960084915
SO,2019,34.8746627569199
ZA,2025,41.4802431625789
ZA,2024,40.4892452728896
ZA,2023,39.6671612830282
ZA,2022,44.3098732789359
ZA,2021,49.9106767892002
ZA,2020,44.0420317834481
ZA,2019,48.8995882365732
SS,2021,66.6367243015678
ES,2025,64.5210201524313
ES,2024,60.8413638147656
ES,2023,60.1732478788246
ES,2022,58.892798136187
ES,2021,69.6007190271307
ES,2020,69.2484945953309
ES,2019,67.6309255082352
LK,2025,29.3118680924398
LK,2024,28.9493268335141
LK,2023,26.2911911753459
LK,2022,23.5539501504098
LK,2021,27.9192836836243
LK,2020,29.7320903502138
LK,2019,28.9234142929984
KN,2025,68.5832058075937
KN,2024,68.6606554429293
KN,2023,66.3878079206748
KN,2022,65.9376332303607
KN,2021,68.2656279316655
KN,2020,69.0148362406978
KN,2019,72.6415360415422
LC,2025,51.4260262331804
LC,2024,51.5480960699244
LC,2023,51.8651522994159
LC,2022,53.107581488437
LC,2021,54.7565133483322
LC,2020,56.4041358453256
LC,2019,63.0364285575018
VC,2025,55.0969274322911
VC,2024,53.9888329440389
VC,2023,53.3487411173815
VC,2022,53.7562974681159
VC,2021,53.33826718507
VC,2020,54.4527724937155
VC,2019,56.9807511788826
SD,2025,53.1202237490237
SD,2024,46.4681102309262
SD,2023,32.9095163422373
SD,2022,31.1859553290147
SD,2021,21.9183550927073
SD,2020,17.2549410069243
SD,2019,18.1383337856324
SR,2025,31.2102637561781
SR,2024,31.8877332610461
SR,2023,26.136317746715
SR,2022,30.3075487849441
SR,2021,27.2498881151228
SR,2020,28.0605528708111
SR,2019,33.5313550437487
SE,2025,87.0456080536968
SE,2024,80.3442193781319
SE,2023,80.2687231792261
SE,2022,82.4396267323925
SE,2021,97.5184275582571
SE,2020,91.5888486908492
SE,2019,90.7559538006061
CH,2025,111.955189665075
CH,2024,110.500213434747
CH,2023,111.187993188572
CH,2022,103.359803944671
CH,2021,115.633508569553
CH,2020,117.671705381632
CH,2019,114.091117204599
SY,2022,21.5443381716821
SY,2021,14.4488910531509
SY,2020,15.3132085277337
SY,2019,31.6814329320572
TJ,2025,27.6401127641809
TJ,2024,25.1582580825485
TJ,2023,23.7229715093518
TJ,2022,23.3120391247334
TJ,2021,22.497936388379
TJ,2020,22.8330843393671
TJ,2019,25.1742487323511
TZ,2025,29.4974872960309
TZ,2024,28.2145133562566
TZ,2023,30.4339722224229
TZ,2022,31.7830473129981
TZ,2021,33.2043803881312
TZ,2020,33.9576941936916
TZ,2019,35.6595337669593
TH,2025,30.6915862459941
TH,2024,29.6542171651989
TH,2023,30.5552456853677
TH,2022,31.06231305263
TH,2021,34.8628549688591
TH,2020,36.452401183622
TH,2019,38.0982181718632
TL,2025,27.8816251223677
TL,2024,30.0724727908055
TL,2023,31.2300787818626
TL,2022,40.9022349503433
TL,2021,39.3393218517303
TL,2020,26.5956834851583
TL,2019,34.2878394462742
TG,2025,33.9244016564295
TG,2024,33.1885302706371
TG,2023,33.0998917479879
TG,2022,32.4149479410231
TG,2021,36.4586628132233
TG,2020,36.2183136394472
TG,2019,37.3077854373739
TO,2025,75.4746699876701
TO,2024,76.0352947890093
TO,2023,72.3626105008964
TO,2022,72.6159031371559
TO,2021,71.0354334423102
TO,2020,71.7778868934059
TO,2019,73.9780075789192
TT,2025,51.0955139053349
TT,2024,51.4919077038928
TT,2023,52.8353428581088
TT,2022,62.9306477255621
TT,2021,58.1080558240389
TT,2020,57.1749044770182
TT,2019,58.7144465265805
TN,2025,30.5684292742283
TN,2024,28.7966783770144
TN,2023,28.1174878905953
TN,2022,27.2267125172343
TN,2021,31.395345451159
TN,2020,29.7754146977757
TN,2019,28.2427473462095
TR,2025,41.0688195628622
TR,2024,35.2209289675403
TR,2023,30.963492066033
TR,2022,27.299771706329
TR,2021,31.0904649819534
TR,2020,30.1209156458382
TR,2019,32.3789849482333
TM,2025,28.9368571286076
TM,2024,28.0809595166141
TM,2023,26.9714339844827
TM,2022,28.6421839482294
TM,2021,22.8365978973557
TM,2020,26.2860875679646
TM,2019,28.3647117020755
TC,2024,98.6773622391009
TC,2023,100.295056929768
TC,2022,103.522987741756
TC,2021,109.070706367493
TC,2020,105.944132804871
TC,2019,101.947629451752
TV,2025,89.3800761311329
TV,2024,92.4241076186729
TV,2023,87.1266509960929
TV,2022,100.211231455376
TV,2021,108.838767016023
TV,2020,96.6320948052137
TV,2019,97.1884823301346
UG,2025,34.5874131535981
UG,2024,32.8830360936683
UG,2023,32.3305695570715
UG,2022,32.9962765788348
UG,2021,32.8796239505827
UG,2020,33.4002034005827
UG,2019,33.6765689199757
UA,2025,31.0282504573817
UA,2024,28.931009728974
UA,2023,29.0702842016071
UA,2022,28.4381607755851
UA,2021,26.7613835467203
UA,2020,23.8708103859306
UA,2019,25.4606292050308
AE,2024,63.3616309451431
AE,2023,63.8951543197588
AE,2022,67.6257852596577
AE,2021,64.3313052785729
AE,2020,56.8818104680986
AE,2019,57.5554200465214
GB,2025,89.1581592044116
GB,2024,84.8850489420597
GB,2023,82.1226909562195
GB,2022,78.0443314302584
GB,2021,92.00471084282
GB,2020,83.7751736695763
GB,2019,85.4769519194272
US,2025,100
US,2024,100
US,2023,100
US,2022,100
US,2021,100
US,2020,100
US,2019,100
UY,2025,65.8120808055603
UY,2024,66.4224894928745
UY,2023,67.6745680532807
UY,2022,63.5998081589411
UY,2021,60.7566206370559
UY,2020,61.2531678659704
UY,2019,71.0388729580352
UZ,2025,29.1756994968891
UZ,2024,26.6603264677911
UZ,2023,25.8247598536574
UZ,2022,24.9659373360084
UZ,2021,24.4226495249425
UZ,2020,23.4068253125977
UZ,2019,23.8923879859579
VU,2025,89.2491529467243
VU,2024,90.6601569574162
VU,2023,88.252226069447
VU,2022,93.8960923417616
VU,2021,100.847625792957
VU,2020,96.9408043453068
VU,2019,96.6382880636132
VN,2025,28.006707439266
VN,2024,28.7813411512511
VN,2023,28.7538544981041
VN,2022,29.8332208351565
VN,2021,30.7429968389287
VN,2020,30.4414059269974
VN,2019,31.1978875555904
VI,2022,89.0243717259396
VI,2021,90.7823741436005
VI,2020,95.3011997636306
VI,2019,96.5312692933229
PS,2025,63.425809329856
PS,2024,63.4768249928382
PS,2023,58.3864805636319
PS,2022,61.6648393924754
PS,2021,64.9577372979557
PS,2020,54.2883355404701
PS,2019,56.1863300477572
ZM,2025,30.0936076398757
ZM,2024,28.1237977812003
ZM,2023,32.6130364048754
ZM,2022,37.6843607603592
ZM,2021,32.1766926776756
ZM,2020,30.1410790418921
ZM,2019,37.4542492318283
ZW,2025,46.6960723543259
ZW,2024,42.073314558067
ZW,2023,37.8748900885945
ZW,2022,47.0137245417643
ZW,2021,54.144549369812
ZW,2020,49.2911875247954
ZW,2019,52.4378836154937
